"THIRUVARUR",9
"IGATPURI",25
"WARANGAL",2
"NARSAPUR",18
"KOKRAJHAR",24
"KHUNTI",1
"MAINPURI",2
"PATANCHERU",8
"CHENNUR",21
"ETAH",1
"HUSNABAD",2
"NARKANDA",27
"PARBHANI",19
"UTTARA KANNADA",25
"BAJNA",1
"HAFLONG",27
"GAJAPATHINAGARAM",10
"BEGUN",25
"DHARANGAON",4
"REMUNA",2
"RANGA REDDY",9
"PURNA",15
"KANYAKUMARI",30
"MOHIUDDINAGAR",15
"MANDAWAR",7
"BAGNAN",1
"JUBBAL",26
"PULWAMA",6
"BANSWARA",28
"ARIMALAM",28
"HOWRAGHAT",15
"DHENKANAL",7
"NILOKHERI",11
"DWARAHAT",29
"PUSAD",22
"NARASINGHPUR",1
"DHARMADOM",23
"URI",1
"RAMAPURAM",25
"ARIYUR",22
"MOTIHARI",13
"KUSHALGARH",21
"GAIRKATA",15
"BHIMADOLE",16
"CHANDAULI",17
"SHAHDOL",15
"ZUNEHBOTO",1
"KARUR",14
"MALEGAON",11
"SIMGA",11
"SAMISTIPUR",15
"SEONI MALWA",10
"DAUSA",22
"BHORANJ",22
"MANDAPAM",8
"PAPPINISSERI",17
"GUNUPUR",21
"BONGAIGAON",30
"LOHARDAGA",19
"DARJEELING",23
"RAMANAGARAM",11
"GHORAWAL",25
"JAMTARA",1
"SAMANA",12
"SATTARI",5
"Mandsaur",10
"KANNOD",29
"KOVILPATTI",18
"AINAPUR",11
"LONAVALA",25
"UNA",26
"KHAIRABAD",27
"FATEHPUR",25
"AJMER",5
"KODOLI",21
"RBL",13
"KANTABANJI",26
"Baslambi",18
"ETTAPALLI",17
"ADILABAD",19
"PHULPUR",9
"KURNOOL",10
"BEGUSARAI",1
"BAREILLY",29
"PALGHAT",7
"MURUD",7
"Arni",2
"BARI SADRI",6
"LAXMANPUR",14
"PITHORAGARH",21
"RANGPO",11
"MARTHANDAM",2
"CHABUA",2
"DEVSAR",6
"SAHIBGANJ",21
"TENSA",28
"GUPTAKASHI",7
"BIJNORE",17
"NANGUNERI",21
"PARTAPNAGAR",1
"SINDI",16
"SAYAN",28
"AMRAVATI",30
"NADBAI",11
"BHIWANDI",12
"BEHRAMPUR",1
"PALANPUR",20
"BHALKI",22
"UDALGURI",11
"SARDULGARH",8
"BHIKHIWIND",4
"KANNAMANGALAM",7
"SHIMLA",12
"GURSARAI",6
"MECHERI",16
"ALIRAJPUR",24
"HANDWARA",11
"MEHNAGAR",9
"BAME",12
"MUNSIARI",26
"LALPET",5
"KARNAL",20
"HYDERABAD",18
"Dachepalle",5
"KOZHIKODE",5
"KHONSA",9
"JEVARGI",30
"DHAR",19
"MUDIGERE",9
"KOLAR",25
"PASCHIMI SINGHBHUM",2
"TOLI",18
"GODHARA",24
"TIRUVARUR",1
"VAIJAPUR",2
"CHERRAPUNJEE",8
"GANGAPUR",21
"KURUKSHETRA",1
"NAKUR",2
"MAUR",27
"JHARIA",19
"METTUR",25
"CHATRA",1
"PARAMATHI",27
"KANTH",10
"Murshidabad",25
"CHHACHHRAULI",4
"SAILU",2
"SUNDERBANI",9
"JIRIBAM",15
"BHUNTAR",30
"BERMO",15
"HARDA",7
"G UDAYAGIRI",1
"SANTOKHGARH",26
"CHHAPRAULI",6
"SULTANPUR LODHI",28
"PAURI",28
"JHUMRI TILAIYA",15
"PALI",7
"GMC",11
"GHORSALA",29
"KHATIMA",22
"CHAKRADHARPUR",1
"GAMGAVATI",23
"BALASAMUDRAM",1
"PULWANA",25
"BHARUCH",22
"BARMER",13
"LINGOTAM",21
"DONGARGAON",15
"ATHANUR",16
"JEJURI",17
"RAEBARELLI",15
"KARIMNAGAR",1
"AMALNER",14
"DAPORIJO",11
"UDALA",11
"SULLIA",15
"GHUMARWIN",10
"ADYAR",22
"MOHIUDDINPUR",22
"RATANPUR",8
"APO",17
"SANT KABIR NAGAR",21
"MULGUND",30
"MELATTUR",19
"GANGAIKONDAN",23
"MAYILADUTHURAI",11
"VISHAKHAPATNAM",25
"DHADAON",1
"ERNAKULAM",12
"MAU",5
"Medikonduru",10
"PERUNDURAI",29
"KOTA",18
"ADONI",11
"ANANTNAG",25
"SAVNER",26
"NAINITAL",27
"HAVELI",25
"GYANPUR",5
"BETUL",21
"DINHATA",13
"MOREH",26
"RANGAREDDY",18
"MANOR",17
"YEDITHA",19
"SATPURI",9
"BAHJOI",10
"HARPALPUR",1
"SANAUR",29
"NANGAVALLI",7
"NAND PRAYAG",7
"MAHUDHA",2
"MUDGAL",6
"PAPANASAM",14
"VIRAJPET",21
"SINGUR",11
"KALLAKUDI",2
"BHOTA",2
"AJNALA",6
"JINTUR",21
"BELPAHAR",28
"RANIP",7
"SIKANDRABAD",17
"JAIRAMPUR",21
"CHINSURAH",1
"MANER",16
"PARWALPUR",28
"ETTAYAPURAM",30
"PANIKOII",11
"KOTPUTLI",12
"BARAN",1
"HINGANGHAT",20
"AILUM",22
"Garur",11
"Hahidwar",8
"KAIRANA",4
"HINDUPUR",7
"KRISHNA",12
"MANESWAR",6
"KORATAGERE",16
"SHIKARPUR",24
"YERRAGUNTLA",11
"RAJSAMAND",9
"VILAVANCODE",12
"BAKEWAR",26
"PACHORA",5
"BEERWAH",20
"RAJAKHERA",18
"MAKRANA",5
"CHETTIPALAYAM",5
"BARIWALA",9
"JHALAWAR",30
"Bhubaneshwar",19
"VARANASI",9
"JHARGRAM",25
"Bhanpura",2
"KANPUR DEHAT",18
"BADAUN",24
"PANIPAT",1
"NARENDRA NAGAR",2
"SAMRALA",8
"JAMKHANDI",21
"GANGTOK",1
"KONGANAPURAM",2
"BELUR",27
"NORTH CACHAR HILLS",19
"UDUMBANCHOLA",25
"NAYAGARH",1
"HOWRAH",27
"LAKHIMPUR",10
"KARANJA",25
"DIOMUKH",4
"ALMORA",2
"RANCHI",9
"JALORE",15
"TOHANA",30
"VERAVAL",15
"KALYANGARH",7
"DEOGHAR",1
"IDUKI",26
"NARAYANGARH",6
"MALKANGIRI",28
"LONI",28
"BHAGALPUR",15
"SRINAGAR",7
"KALAPPANAICKENPATTI",11
"SALEM",29
"MARIAHU",22
"HOSDURG",1
"AUNDIPATTI",23
"Karaikudi",1
"KURUD",25
"GORMI",22
"BHANDARA",13
"THANA BHAWAN",21
"KANAIPUR",15
"NAGOTHANA",16
"CHITTORGARH",17
"HUBLI",15
"JOSHIMATH",1
"DHOLPUR",14
"CHHATARPUR",11
"AWAGARH",11
"HASSANPUR",15
"SHORAPUR",10
"MUVATTUPUZHA",22
"MEGHRAJ",22
"LINGSUGUR",8
"SHRIVARDHAN",17
"GAJSINGHPUR",21
"PODALAKUR",30
"CHERTHALA",19
"BASAVANA BAGEVADI",23
"CHORYASI",11
"SARTHEBARI",25
"NOIDA",1
"MANDIDEEP",12
"ELAYIRAMPANNAI",5
"BERHAMPORE",10
"SEPPA",29
"TENGA MARKET",18
"BALIJAN",11
"UKWA",25
"SENAPATI",26
"MAHBOOBNAGAR",27
"SIRA",25
"UDHAMPUR",5
"CANDOLIM",21
"BHEDAGHAT",13
"MANAVALAKURICHI",26
"KAMBAINALLUR",18
"DOMJUR",17
"SHIMOGA",19
"NONGTHYMMAI",9
"ANANDAPUR",10
"GAUTAM BUDDHA NAGAR",1
"THODUPUZHA",29
"SALEMPUR",7
"KURALI",7
"JUNAGADH",2
"KALYANI",6
"BHAWANIGARH",14
"RAMBAN",21
"SARENGA",11
"KISHTWAR",2
"HAZIPUR",2
"KONDALAMPATTI",6
"HERBERTPUR",21
"SHAHPURA",28
"MILAK",7
"CHANDANGAR",17
"VARTEJ",21
"ITANAGAR",1
"TURUVEKERE",16
"NAIHATI",28
"BARABANKI",30
"HASSAN",11
"MAHWA",12
"MELAGARAM",1
"MAJHAULI RAJ",20
"YINGKIONG",22
"ERNAD",11
"MUNDARGI",8
"PARANDA",4
"LAKHERI",7
"SEDAPATTI",12
"ABHAYAPURI",6
"JULANA",16
"CHHAPAR",24
"BHUVANAGIRI",11
"PILIBHIT",9
"MUKHED",12
"GANGAJALGHATI",26
"JUTOGH",5
"FEROZEPUR",20
"CHAMBA",18
"BANGALORE",5
"MANCHAR",5
"ADRA",9
"KARGIL",30
"TALAJA",19
"RAMANATHAPURAM",9
"WEST GODAVARI",25
"ODDANCHATRAM",2
"WILLIAMNAGAR",18
"PANT NAGAR",24
"ARARIA",1
"Wada",2
"ALIPURDUAR",8
"ERR:512",21
"BANTVAL",1
"RAIPUR RANI",2
"SUNDARGARH",27
"SRIVAIKUNTAM",19
"GHANSAWANGI",25
"SAIRANG",1
"AMRAOTI",27
"PADDHARI",10
"PATTI",25
"BAGHPAT",4
"ALLEPPEY",2
"UDAIPURWATI",9
"COLONELGANJ",15
"GIDDERBAHA",30
"BARAMATI",15
"DHAMTARI",7
"RAMPUR",1
"KAMLAPURAM",26
"KIRATPUR",6
"BIRPUR",28
"PANCHKULA",28
"AMGURI",15
"BIDHUNA",7
"TRIMBAK",11
"HONNALI",29
"THANJAVUR",22
"TEKKALAKOTA",1
"RAISEN",23
"ALIPORE",1
"PHALTAN",25
"SOMANUR",22
"Anuppur",13
"KHAIRAGARH",21
"MAHAGAM",15
"PENDRA",16
"BARIPADA",17
"AGRA",15
"UTHIRAMERUR",1
"CHIKHALDARA",14
"TURA",11
"PANNA",11
"CHAKLASI",15
"BHAGIRATHPARA",10
"IMPHAL",22
"GHOSI",22
"DARWHA",8
"LEHRAGAGA",17
"PALLADAM",21
"MANGAON",30
"Jaunnardeo",19
"SALIGRAM",23
"CHALTHAN",11
"KANNADIPARAMBA",25
"MUHAMMA",1
"PALAYAD",12
"SILLOD",5
"RAVER",10
"ASIFABAD",29
"KOLHAPUR",18
"Bijawar",11
"LAMBI",25
"PANDHANA",26
"TONK",27
"CHERUUVU",25
"BELLARY",5
"BHAWANI MANDI",21
"AMLOH",13
"THIRUVALLUR",26
"CHENGANNUR",18
"DHULE",17
"BODH GAYA",19
"MUMBAI",9
"PIRIYAPATNA",10
"YELANDUR",1
"BALUGAON",29
"MUBARAKPUR",7
"HASTINAPUR",7
"ALAPPUZHA",2
"SRIPERUMPUDUR",6
"EAST GODAVARI",14
"IMPHAL EAST",21
"CHIRKUNDA",11
"SONEPUR",2
"BHADRAVATHI",2
"DIRBA",6
"LASALGAON",21
"BHADOHI",28
"HALDAUR",7
"INDUSTRIAL AREA DHARUHERA",17
"CHIK BALLAPUR",21
"SONARI",1
"UN",16
"MUTHUR",28
"BISWAN",30
"YADGIR",11
"KHAIRLANJI",12
"SALUMBAR",1
"SADULSHAHAR",20
"DHARAMKOT",22
"NANAUTA",11
"TIRUNELVELI",8
"DENDULURU",4
"RAJGARH(BIA)",7
"DIGHWARA",12
"TUMKUR",6
"SANDI",16
"SARAN",24
"MUSIRI",11
"UTHAGAMANDALAM",9
"JHINKPANI",12
"PENNADAM",26
"INDORE",5
"JOBAT",20
"KALAMBUR",18
"SENGOTTAI",5
"PANAJI",5
"NABARANGAPUR",9
"DHAMNOD",30
"KHERLI",19
"KAITHAL",10
"BADGAM",2
"CHAIL",4
"SAUSAR",11
"RAMTEK",12
"SONPETH",12
"TEZU",17
"BHINGA",19
"PARAMATHI_VELUR",15
"NAKODAR",24
"BATHINDA",8
"ODE",25
"NASHIK",22
"KURUNDVAD",14
"Joida",11
"KADATHUR",10
"GOHPUR",15
"VALSAD",30
"CHAMARAJANAGARA",1
"KALPI",16
"DHANAULA",19
"TISWADI",24
"BHABUA",3
"FATEHGARH CHURIAN",30
"Dodamarg",17
"NEW DELHI",27
"GUNDUGOLANU",12
"UPPIDAMANGALAM",8
"PAROLE",7
"COLVALE",21
"VASAI (E)",21
"CHAMARAJANAGAR",30
"LIKABALI",12
"KUDAL",1
"KHREW",13
"AMILO",17
"MAHAD",17
"BARELA",21
"JANJGIR - CHAMPA",29
"Ambala city",25
"KORADACHERI",9
"SIOLIM",6
"Bishalgarh",28
"GAYA",13
"MADUKKUR",20
"DOOM DOOMA",2
"SONIPAT",22
"GUMLA",5
"NATIBPUR",15
"BHOR",26
"ERODE",11
"SAMASTIPUR",10
"GANAPATHIPURAM",14
"LAWNGTLAI",13
"Titilagarh",18
"BHADRESWAR",1
"SURI",29
"AMMOOR",7
"BHOPAL",26
"PATTAMUNDAI",8
"BHUSAWAL",4
"GONDA",3
"VISAVADAR",24
"KOTPAD",24
"KORBA",3
"NAVSARI",16
"ANUPSHAHR",5
"MEDAK",8
"AMARWARA",20
"HARNAUT",25
"GHATAGAON",20
"SIRATHU",17
"ALIGANJ",2
"KANINA",10
"NORTH LAKHIMPUR",3
"KAUSHAMBI",24
"PAPPIREDDIPATTI",13
"BHIND",6
"BUNDI",30
"PALAMU",27
"BARGARH",25
"PHALODI",24
"PAONTA SAHIB",19
"NUH",3
"MADHOGARH",20
"BUDHLADA",30
"BASAVAKALYAN",8
"MEERUT",30
"ILANJI",16
"RAJGARH",5
"KALUVOYA",26
"GUHLA",5
"PATRATU",21
"UJJAIN",10
"Hirmi",25
"SHAHJAHANPUR",23
"PATTAN",2
"ANTHIYUR",12
"Bagoar",17
"RAHON",24
"DAMOH",14
"BIJAIPUR",3
"MALOUT",22
"AYAKUDI",11
"DHUBRI",4
"ZIRAKPUR",28
"SRIRANGAPATNA",3
"PARWANOO",4
"NANDURBAR",3
"MORANHAT",19
"JALANDHAR",5
"KALADHUNGI",4
"SADAT",25
"BEGOWAL",9
"Astichak",13
"Laksar",1
"VADAMADURAI",25
"RAIGARH",2
"JANGIPUR",3
"PRATAP NAGAR",21
"RUPNAGAR",2
"MANDAWA",8
"SHAJAPUR",21
"Devakottai",22
"BARAHIYA",15
"KARHAL",7
"THOOTHUKKUDI",8
"Sonamura",27
"JALDA",10
"DHARMAPURI",2
"RAJOURI",4
"SISAULI",11
"JAGIROAD",12
"RAMNAGAR",12
"USILAMPATTI",17
"BIRLAPUR",19
"GURGAON",15
"KUNNATHUR",24
"KRISHNARAYAPURAM",8
"JAHANABAD",25
"LOHAGHAT",22
"SANDILA",14
"AURANGABAD",11
"SIRSA",10
"TARAPUR",15
"KOHIMA",30
"BHINDER",1
"PEN",16
"JAMADOBA",19
"SHIROL",24
"MITHAPUR",3
"MODINAGAR",30
"SIRUMUGAI",17
"MANDLA",27
"WEST DINAJPUR",12
"MOTIPUR",8
"PURULIYA",7
"RAIPUR",21
"AGNOOR",21
"GANGAVALLI",30
"ZAMANIA",12
"JALALPUR",1
"KALANAUR",13
"THALASSERY",17
"DINDIGUL",17
"GOALPARA",21
"MAREHRA",29
"GARIVIDI",25
"KUMBHRAJ",9
"HAMIRPUR",6
"BADARPUR",28
"CHAKRATA",13
"VISAKHAPATNAM",20
"CHINCHOLI",2
"AZHIKODE SOUTH",22
"KARUPPUR",5
"MADHEPURA",15
"FARUKHABAD",26
"BAH",11
"BANKA",10
"GOPALGANJ",14
"RADHAPURAM",13
"SILVASA",18
"MALAPURAM",1
"BHATAPARA",29
"KATIHAR",7
"KILVELUR",26
"VIJAPUR",8
"JHUNJHUNU",4
"ORAS",3
"KUTTANAD",24
"KUMBAKONAM",24
"MOKOKCHUNG",3
"UMRI",16
"SAVANUR",5
"AFZALGARH",8
"Saoner",20
"RAJALDESAR",25
"KHAROD",20
"KAMUDHI",17
"MATHURA",2
"BILASPUR",10
"DEOLALI",3
"NALAGARH",24
"CHANDERI",13
"JHAJJAR",6
"TULSIPUR",30
"BHOWALI",27
"KOLATHUR",25
"RAJKOT",24
"DHARWAD",19
"CHANASMA",3
"NAZIRA",20
"HAZARIBAGH",30
"MANENDRAGARH",8
"RECKONG PEO",30
"AMER",16
"SARWAR",26
"MARAIMALAINAGAR",5
"IKAUNA",21
"BULANDSHAHR",10
"DOMBIVILI STATION",25
"MODAKURICHI",23
"DAUND",2
"SIRSAGANJ",12
"AQUEM",17
"DURGAWATI",24
"GADAG",14
"MALPUR",3
"PINDWARA",22
"BALIJIPETA",11
"KOTTARAKARA",4
"ARAMBAGH",28
"NARNAUL",3
"BAHADURPUR",4
"TALIPARAMBA",3
"FAIZABAD",19
"KONARK",5
"SRIKAKULAM",4
"PADAGHA",25
"RAWATBHATA",9
"DHARUHERA",13
"ALAPAKKAM",1
"BORDOLONI",25
"AGUSTMUNI",2
"SATANA",3
"BILHA",21
"NELLORE",2
"TUNDLA",8
"KERUR",21
"BARPETA",22
"KHUSRUPUR",15
"CUMBUM",7
"AMBEDKAR NAGAR",8
"BHIMTAL",27
"PARTUR",10
"RAHURI",2
"SOHNA",4
"JAUNPUR",11
"NAHARKATIA",12
"VILLUPURAM",12
"NAGAON",17
"MELUR",19
"DEODURGA",15
"NADAUN",24
"SELOO",8
"KATPADI",25
"DHANOLTI",22
"NARENDRANAGAR",14
"HOSKOTE",11
"COCHIN",10
"Kalyan",15
"RAJNAGAR",30
"PATNAGARH",1
"KALAHANDI",16
"OLPAD",19
"AIHO",24
"VIDISHA",3
"VEPPANTHATTAI",30
"OLAVANNA",17
"ALIGARH",27
"ACHABAL",12
"BHARATGANJ",8
"Mandi r Hasod",7
"BANGALORE NORTH",21
"BHANPURI",21
"MALKAPUR",30
"DUGADD",12
"NARAINGARH",1
"KANCHEEPURAM",13
"GWALIOR",17
"MANGAWAN",17
"LOHARU",21
"BIRGAON",29
"BICHOLIM",25
"SHIRPUR",9
"SEITHUR",6
"SAHATWAR",28
"IDAPPADI",13
"CHAS",20
"JUNNAR",2
"DADRI",22
"GAGRET",5
"Gandhidham",15
"MOHLA",26
"HASANPUR",11
"ALIBAG",10
"KHANAPUR",14
"PALLAPATTI",13
"NAMSAI",18
"SHIVAJINAGAR",1
"JAGALUR",29
"PIPALKOTI",7
"MIRAJ",26
"HATKANAGALE",8
"RASULABAD",4
"TRAL",3
"TIRUCHULI",24
"DAHANU",24
"TIRUMAYAM",3
"KOTTAKUPPAM",16
"KODALA",5
"NALDURG",8
"NAHARLAGUN",20
"LANKA",25
"CHHAYA",20
"RAMPURA PHUL",17
"Khambha",2
"Barkagaon",10
"ARNIA",3
"BIJBEHARA",24
"MANWATH",13
"MAHILPUR",6
"AJAIGARH",30
"KHUDAGANJ",27
"PUSAPATIREGA",25
"FATEHABAD",24
"SUKET",19
"AMLA",3
"PADAMPUR",20
"PALWAL",30
"FEROZEPUR JHIRKA",8
"Buttayagudem Mandalam",30
"HINGOLI",16
"BADURIA",5
"KOTHAPETA",26
"KIRTINAGAR",5
"SHRAWASTI",21
"TIRTHAHALLI",10
"PADRA",25
"AMROHA",23
"KANDRA",2
"ELATHUR",12
"SIRSI",17
"Devandra Nagar",24
"KUNIGAL",14
"UDUPI",3
"KARAIKAL",22
"PINJORE",11
"NALGONDA",4
"CHIKAMANGALUR",28
"JORHAT",3
"VIJAY PUR",4
"MANKACHAR",3
"BAGH",19
"SATRIKH",5
"PENNAGARAM",4
"MIRZAPUR",25
"GOGAMUKH",9
"ITARSI",13
"SIKANDERPUR",1
"BHADRAVATI",25
"JASHPURNAGAR",2
"MANMAD",3
"CHAMPAWAT",21
"NEPANAGAR",2
"AMBAH",8
"NAHAN",21
"CHANDEL",22
"QAZIGUND",15
"GUNA",7
"ALATHUR",8
"JHINJHAK",27
"MORENA",10
"PENNATHUR",2
"KHERDI",4
"BALESHWAR",11
"ANUGUL",12
"WADI",12
"ALDANA",17
"SONBHADRA",19
"GHAZIABAD",15
"HAJO",24
"SERAMPORE",8
"DIU",25
"MANVI",22
"DAMAN",14
"AKBARPUR",11
"KHOUR",10
"AKKALKOT",15
"KARARI",30
"KATANGI",1
"TIRUCHENGODU",16
"THUTHIPATTU",19
"HIMATNAGAR",24
"MACHHIWARA",3
"FATEHPUR SIKRI",30
"GOALJAN",17
"OTAPIDARAM",27
"ALLAHABAD",12
"GOSSAIGAON",8
"PATHANAMTHITTA",7
"KONDAGAON",21
"MANAMADURAI",21
"PORSA",30
"KUNDA",12
"GADARPUR",1
"METTUPALAYAM",13
"PUKHRAYAN",17
"VELLORE",17
"DHANERA",21
"BUXAR",29
"VADIPATTI",25
"MEENACHIL",9
"MARGAO",6
"TIRUVALLA",28
"MUZAFFARPUR",13
"PONNERI",20
"SIMDEGA",2
"BARODIA KUMARIA",22
"ALAL",5
"BAKANI",15
"KURUMBALUR",26
"PAYAL",11
"AMBALA",10
"CHOPAN",14
"EDAPPADI",13
"BONDAPALLI",18
"VELUR",1
"AMBAD",29
"KONNUR",7
"RAJPUR",26
"SAMALKHA",8
"THARAMANGALAM",4
"DATAGANJ",3
"CHEEMA",24
"BETMA",24
"ARUPUKOTTAI",3
"DOMMERU",16
"MANDALGARH",5
"SHANKARGARH",8
"RUDRAPUR",20
"KANGRA",25
"BARNALA",20
"TUENGSANG",17
"ERAL",2
"PAROLA",10
"RANAPUR",3
"TAL",24
"NONGPOH",13
"BANSDIH",6
"KUSHINAGAR",30
"SORAB",27
"KAILASHAHAR",25
"HATA",24
"CHANDBALI",19
"MOHANUR",3
"BAHULA",20
"BABERU",30
"VIJAYAPURA",8
"VADAMALPET",30
"DIDWANA",16
"Babain",5
"BAGLI",26
"GARHWA",5
"ERANDOL",21
"KANPUR",10
"KOTTARAM",25
"DHILWAN",23
"ADIVARAMPET",2
"ETTUMANOOR",12
"SUNDARAPANDIAM",17
"PANAGUDI",24
"AROOR",14
"DHARAPUR",3
"RAMAN",22
"UMSAW",11
"TOPCHANCHI",4
"DURG",28
"GOVINDGARH",3
"BANGARMAU",4
"KOLLAM",3
"RAJAPUR",19
"KUTTANADU",5
"LUNGLEI",4
"HARIANA",25
"THANESA",9
"DENKANIKOTTA",13
"CHITAPUR",1
"MIRIK",25
"BARAST",2
"KISHANGARH",3
"KALIMPONG",21
"DEOPRAYAG",2
"PUDUKOTTAI",8
"Hingna",21
"MAGADI",22
"NABAGRAM",15
"PASUR",7
"MANDLESHWAR",8
"HISAR",27
"SITAPUR",6
"AVANASHI",15
"KULGAM",22
"RAYA",9
"KANODAR",2
"MALAPPURAM",21
"KHARGONE",25
"Singrauli",6
"BELIATORE",26
"LAKHISARAI",10
"JARIDIH BAZAR",17
"MARUDUR",25
"PATHSALA",16
"MOHPA",18
"SAHANPUR",19
"AMRELI",11
"MUZAFFARNAGAR",5
"CHICALIM",23
"KARVETINAGAR",14
"AMBIKAPUR",3
"MIRGANJ",13
"TIJARA",8
"BERI",14
"NEYVELI",5
"ASANSOL MC",14
"MURBAD",7
"DODA",13
"CHANNARAYAPATNA",19
"MANAWAR",30
"Yeola",5
"THANGADH",9
"PALAI",16
"SINI",30
"ALUVA",6
"SALIGAO",4
"CANACONA",22
"GOBINDPUR",5
"KOCHI",8
"SIKAR",18
"JAWHAR",26
"ILAYANGUDI",8
"MORADABAD",24
"JALALPORE",15
"BALURGHAT",24
"KANURU",14
"KHAGA",30
"SHAKTINAGAR",22
"GANGAKHED",10
"Aundha Nagnath",19
"GAUCHAR",29
"JHARSUGUDA",4
"KHAMARIA",11
"AKALTARA",18
"SHEOHAR",27
"KARVEER",18
"SANGAREDDY",20
"KODUMUDI",17
"RAISINGHNAGAR",8
"NEYYATTINKARA",20
"RANIPUR",19
"JAMKHED",29
"HOSUR",2
"BAIHAR",24
"KARJAT",17
"DARBHANGA",9
"CHINTAMANI",15
"RAYAGADA",3
"NAWANSHAHAR",4
"SHIRDI",24
"KASGANJ",20
"HIREKERUR",1
"AYYALUR",11
"BASUGAON",30
"DHATRIGRAM",5
"HATTA",19
"KATGHORA",12
"RAMOL",23
"NAYABAZAR",15
"RAHIMATPUR",3
"JASRANA",6
"JAKHAL MANDI",22
"CHITRAKOOT",7
"KRISHNAGIRI",7
"SHAHPUR",25
"YEOTAMAL",16
"PALLIKONDA",18
"BODELI",8
"MORMUGAO",1
"Haridwar",26
"CUDDAPAH",11
"BASTI",8
"KUDCHI",22
"SINNAR",23
"CHIPALGHAT",24
"HARUR",20
"MURGUD",23
"SADABAD",9
"MACHALI SHAHAR",11
"BAUDH",12
"MANPUR",18
"BANSGAON",30
"Sitamau",17
"JAGDALPUR",24
"CALANGUTE",28
"SOHAGPUR",6
"DIBRUGARH",10
"GOREGAON",24
"ROORKEE",27
"RISHIKESH",5
"KARAULI",25
"BANDIKUI",11
"MUSSOORIE",11
"SARNI",6
"GURSAHAIGANJ",16
"GODDA",8
"SIDDHARTHNAGAR",22
"BALASORE",17
"INDI",29
"VIRUDHUNAGAR",23
"Gudibanda",6
"TIKAMGARH",20
"AMARPUR",16
"TINSUKIA",24
"SANKRAIL",7
"HAILAKANDI",14
"Garu bathan II",2
"NADIA",11
"DERA BABA NANAK",11
"PERALAM",6
"ZIRO",15
"PERIYAKULAM",22
"ALANGANALLUR",9
"PRAKASAM",2
"GUDUR",21
"UNNAO",25
"KANDAHR",6
"SUJANPUR",26
"SAHARSA",10
"AIZWAL",17
"BELTHANGADY",25
"LALGUDI",16
"BANKIBHERI",18
"PERUMBAIKAD",19
"ALANGAYAM",11
"MADATHUKULAM",5
"SONGADH",23
"CHITTOOR",14
"BIKANER",3
"PALE",13
"LANSDOWNE",8
"KOCH BIHAR",14
"Gurazalla",5
"ARAVAKURICHI",14
"DHULIAN",7
"GHARGHODA",13
"Cooch Behar",19
"KARAMSAD",30
"THEOG",5
"RANIA",9
"KANJIRAPALLY",16
"KOILWAR",30
"Nadendla",6
"BAWAL",4
"DEORIA",22
"THENTHIRUPERAI",5
"JALKOT",8
"JAMMU",18
"SAMTHAR",26
"SAMBALPUR",8
"ROHRU",24
"KUJANG",15
"PATUR",24
"LALA",14
"KATTUMANNARKOIL",30
"KANDHAMAL",22
"KHALAPUR",10
"BOKAKHAT",19
"PATHRI",29
"BUDHANA",4
"BANJAR",11
"THENI",18
"RAGHOGARH",27
"BHADAUR",18
"Thanesar",20
"BAGHMARA",17
"ANANTAPUR",8
"VETTAVALAM",20
"HOSHIARPUR",19
"HOJAI",29
"IBRAHIMPATNAM",2
"MORSHI",24
"NAVALGUND",17
"ANNIGERI",9
"KOLKATA",15
"Basna",3
"SADASIVPET",4
"CHANDIL",24
"SURENDRANAGAR",20
"SILCHAR",1
"ALONG",11
"BABRALA",30
"MAIBONG",5
"JAMUI",19
"HUNGUND",12
"DEHRADUN",23
"SIVAGANGA",15
"Beohari",3
"BABUGARH",6
"BALOTRA",22
"ACHANTA",7
"MANNARGUDI",7
"DABRA",25
"AMRITSAR",16
"THANDLA",18
"NASIK",8
"NASIYANUR",1
"HANUMANGARH",26
"BATALA",11
"HATHRAS",8
"MOTH",22
"KANNIVADI",23
"CHATRAPUR",24
"KOPPAL",20
"LUXETTIPET",23
"ISLAMPUR",9
"BARKHERA",11
"UNIARA",12
"BARIPARA",18
"POONCH",30
"ANEKAL",17
"SHILLONG",24
"NAVI MUMBAI",28
"NAUPADA",6
"SHIGGAON",10
"MAHASAMUND",24
"KEDLA",27
"SUNAM",5
"ARTC",25
"KUKSHI",11
"SASARA",11
"MANGALORE",6
"HALISAHAR",16
"MAJHOLI",8
"MYSORE",22
"RUDRA PRAYAG",17
"SANGRUR",29
"BANSI",23
"ARSIKERE",6
"UTHAMAPALAYAM",20
"BELGAUM",16
"BARWANI",24
"KAGAL",7
"VIJAAYRAI",14
"UTAMAPALAYAM",2
"MUNDGOD",11
"BOKAJAN",11
"KANUBARI",6
"NAGAPATTINAM",15
"LADWA",22
"GANGAVAHI",9
"NAREGAL",2
"ALLAGADDA",21
"JAPLA",25
"VELLAKOIL",6
"BAGEPALLI",26
"PERNEM",10
"Rompicherla",17
"JOGBANI",25
"RAIKOT",16
"PADRAUNA",18
"SIBSAGAR",19
"GAIRSAIN",11
"AMTALA",5
"VILLUKURI",23
"KUSMARA",14
"TIRUKALIKUNDRAM",3
"EKAMBARA KUPPAM",13
"KILLIYUR",8
"SHAHKOT",14
"SURAT",5
"RAIGANJ",14
"SRINIVASPUR",7
"MURSAN",13
"BHUJ",19
"MUDHOL",30
"NAI BAZAR",5
"CUNCOLIM",9
"Singrauli Colliery",16
"VILAPAKKAM",30
"SINGTAM",6
"BORIAVI",4
"DAULATPUR",22
"PHEK",5
"AMMAVARIKUPPAM",8
"NAGAUR",18
"KANCHRAPARA",26
"ALANGULAM",8
"AZAMGARH",24
"KARIMPUR",15
"GANDHINAGAR",24
"PALEJ",14
"CHIKAMAGLUR",30
"MALKERA",22
"UMERKOTE",10
"THANE",19
"Pawai",29
"JOURA",4
"BANGARAPET",11
"PERAMBALUR",18
"GAJRAULA",27
"CUTTACK",18
"BHILAI",20
"RADAUR",17
"PONDA",8
"MIDNAPORE",20
"ALAND",19
"MELURI",29
"RAJNANDGAON",2
"LOHA",24
"ARAKKONAM",17
"BISSAU",9
"HIRIYUR",15
"GUNNAUR",3
"TIRUPUR",4
"JANSATH",24
"SATTUR",20
"KARAMADAI",1
"SOMVARPET",11
"HEGGADADEVANKOTE",30
"CHENGAM",5
"NAMBIYUR",19
"DHARIAWAD",12
"RISOD",23
"JHABUA",15
"KANKER",3
"SIVAKASI",6
"HISSAR",22
"DAGSHAI",7
"KOVILPALAYAM",7
"HANGAL",25
"GULABPURA",16
"BEWAR",18
"KASARAGOD",8
"PANAPAKKAM",1
"MUNGAOLI",26
"THALASERY",11
"SHAKTI NAGAR",8
"KHULDABAD",22
"SASARAM",23
"KHALILABAD",24
"PASIGHAT",20
"SANDUR",23
"SANASWADI",9
"LALSOT",11
"THRISSUR",12
"VAPI",18
"HAVERI",30
"JAITU",17
"PICHHORE",24
"MULBAGAL",28
"CHEJERLA",6
"REWARI",10
"MALPURA",24
"KISHANGANJ",27
"DHING",5
"BEED",25
"REOTI",11
"MAHESANA",11
"KHARSIA",6
"BHUBAN",16
"Garoth",8
"POOLAMPATTI",22
"SENDHWA",17
"MAIHAR",29
"KARTARPUR",23
"KHARAR",6
"NAMRUP",20
"LATEHAR",16
"PUVALUR",24
"KALAGARH",7
"MANDASUR",14
"SAVDA",2
"JASPUR",11
"GUHAGAR",11
"DEOMALI",6
"LAKSHDWEEP",15
"KAPASAN",22
"TIRURANGADI",9
"GARAUTHA",2
"Khokra Kalan",21
"UCHANA",25
"MERAKA MUDIDAM",6
"SULTANPUR",26
"KOLAGHAT",10
"Grasim Vihar Rawan",17
"BANDA",25
"RAJMAHAL",16
"SANKARANKOVIL",18
"NERAL",19
"NAGAMANGALA",11
"DHEMAJI",5
"QADIAN",23
"GANGANAGAR",14
"CHIKMAGALUR",3
"TALGRAM",13
"MAWLAI",8
"FIROZPUR",14
"ALWAR",5
"CHINCHANI",14
"FAIZPUR",7
"KHETIA",13
"GOLA BAZAR",19
"DANKAUR",30
"SANTIPUR",5
"ARRAH",9
"RANGAPARA",16
"AMANGANJ",30
"SALCETE",6
"Cuttack Sadar",4
"GONTALA",22
"KHARAGPUR",5
"TEZPUR",8
"BAHERI",18
"ENGLISH BAZAR",26
"GONIKOPPAL",8
"NAWADA",24
"AUSA",15
"VALAPATTANAM",24
"GIRIDIH",14
"MURLIGANJ",30
"TUNI",22
"NAVELIM",10
"SINDGI",19
"SHIVPURI",29
"BARHALGANJ",4
"BAGBASSA",11
"MARIANI",18
"KHATEGAON",27
"AMILA",18
"ATTAYAMPATTI",20
"SIMLAGURI",17
"CHIDAMBARAM",8
"BAJPE",20
"FARIDABAD",19
"KHUTAR",29
"BARAMULLA",2
"NURPUR",24
"CHANDIGARH",17
"BUNDU",9
"HAIDERGARH",15
"ADHERIYA KHAL",3
"DHARMABAD",4
"PUSHKAR",24
"BALRAMPUR",20
"RATNAGIRI",1
"KRISHNARAJPET",11
"ATHANI",30
"GOPALPUR",5
"CHHARRAH",19
"MERTA CITY",12
"BHARVELI",23
"UJHANI",15
"ADDANKI",3
"HANDIA",6
"ASSANDH",22
"LALITPUR",7
"TAMBARAM",7
"GORAKHPUR SADAR",25
"DURGAPUR MC",16
"BILGI",18
"WAYANAD",8
"PHULBANI",1
"MATHABHANGA",26
"DIGVIJAYGRAM",11
"SOUTH 24 PARGANAS",8
"DIGAPAHANDI",22
"KHAWZAWL",23
"KURSEONG",24
"VANIYAMBADI",20
"BEGAMPUR",23
"HOLALKERE",9
"KADAMBUR",11
"TALEGAON",12
"KAIMUR",18
"SARKAGHAT",30
"KHEM KARAN",17
"DHROL",24
"KARUNAGAPALLY",28
"REWARI STN",6
"Vikasnagar",10
"IRINJALAKUDA",24
"PARALAKHEMUNDI",27
"TUTICORIN",5
"PANSEMAL",25
"KOPPA",11
"POLLACHI",11
"KARELI",6
"JOBNER",16
"Umerkhed",8
"NANDURA",22
"PRATAPGARH",17
"ROURKELA",29
"BHAVANISAGAR",23
"ROHTAK",6
"JAMNAGAR",20
"ANANDPUR SAHIB",16
"BOKARO",24
"BOMDILA",7
"KHEDA",14
"TAKI",2
"VIKRAVANDI",11
"ABOHAR",11
"MUNGER",23
"JOURIAN",7
"MADIKERI",14
"TIRUCHIRAPPALLI",29
"SHIRUR",8
"ALUR",13
"ARANG",4
"LALBARRA",12
"KINWAT",7
"HAPUR",3
"VARAM",27
"GUNTUR",23
"ABIRAMAM",24
"GADCHIROLI",3
"EAST KHASI HILLS",24
"SURAJPUR",20
"SAKTI",6
"Kutra",6
"CHAMPA",17
"PALLIPAT",2
"KOLKATTA",20
"APSPQRS",10
"SHIRHATTI",30
"DHARWAR",22
"DADRA & NAGAR HAVELI",4
"CHANDRAPURA",13
"CUDDALORE",5
"LANJIGARH",14
"THOUBAL",23
"KUSHALNAGAR",23
"KANCHIPURAM",25
"NIPHAD",1
"RAMGARH",20
"KOTTUR",6
"BAGALKOT",7
"AKLERA",1
"JHINJHANA",5
"Tiruppattur",22
"JOYA",9
"Malhargarh",26
"SARANGARH",28
"KORAPUT",17
"ADITYAPUR",7
"CHAMORHSI",29
"DUDHI",24
"MANASA",22
"MADHOGANJ",17
"BOARIJORE",6
"KALAMB",19
"QUILANDY",6
"PAKAUR",20
"ATHMALLIK",23
"NALBARI",22
"GOLAGHAT",17
"ALNAVAR",23
"LAKHIPUR",28
"KATOL",27
"AGARTALA",15
"VASUDEVANALLUR",20
"SANCHORE",10
"DEWAS",18
"KOPAGANJ",26
"AHMEDNAGAR",4
"MUKUNDAPURAM",1
"PURNIA",17
"BETIA",19
"PORT BLAIR",30
"TITTAGUDI",25
"VILATHIKULAM",30
"LONGLENG",12
"BALAGHAT",29
"AYYAMPETTAI",25
"KILPENNATHUR",29
"GAIRATGANJ",17
"HOSHANGABAD",5
"NAMCHI",1
"TINDIVANAM",15
"DHULA",22
"AMANPUR",1
"UDAMALPET",11
"ASHOK NAGAR",30
"JAIPUR",17
"KRISHNAGAR",17
"ANNUR",9
"KALKULAM",27
"MALAVALLI",29
"LOSAL",28
"TIRUCHENDUR",19
"KOTDA SANGANI",16
"NUAPATNA",25
"ANGUL",12
"RAJAM",16
"SIWANA",15
"SHAHABAD",12
"SANTRAMPUR",2
"DANTEWADA",19
"BAKLOH",30
"DAMANJODI",15
"SUAR",9
"MANALURPET",24
"GURH",2
"BOLANGIR",27
"BALICHAK",13
"BALLAVPUR",10
"HOWLI",21
"GOBICHETTIPALYAM",25
"JALAUN",5
"ATRAULIA",19
"PANRUTI",30
"UDAAMALPET",17
"SAPATGRAM",1
"TIRUKKOYILUR",29
"GAURI BAZAR",30
"SANGAT",25
"MAHU KALAN",3
"MADHUPUR",20
"SAHASWAN",21
"CHITRADURGA",27
"CACHAR",14
"KANNAD",10
"VADODARA",1
"CHOMU",14
"BIHARSHARIF",5
"MANDI",23
"Birbhum",11
"BALIMELA",5
"GADARWARA",18
"TEHRI GARHWAL",1
"BIDAR",23
"AKALGARH",7
"GANJAM",14
"DHANBAD",29
"GEEDAM",8
"CHAPAR",13
"NABINAGAR",4
"JAHANGIRPUR",12
"GOPIGANJ",7
"ELLENABAD",3
"NALLUR",27
"VEJALPUR",23
"KAMALANAGAR",24
"HNAHTHIAL",3
"Baloda Bazar",24
"PACHORE",20
"CHURU",6
"BRAJARAJNAGAR",6
"SIWAN",17
"Chilakaluripet",2
"ATPADI",20
"KENDRAPARA",10
"SHOLAPUR",30
"NONGSTOIN",22
"CHAKSU",4
"MATHERAN",13
"BENIGANJ",5
"ANDADA",14
"TUMSAR",23
"SIROHI",23
"GANGARAMPUR",25
"BALODA",1
"SUMBAL",20
"LUCKNOW",6
"PATNA",7
"CHORVAD",1
"DUNGARPUR",5
"NICHLAUL",22
"VEDASANDUR",9
"BADNAWAR",26
"GWALDAM",28
"MUNGELI",17
"PUTHALAM",7
"GHAGGA",29
"SAGAR",24
"DIMAPUR",22
"JODHPUR",17
"WARISALIGANJ",6
"NARKATIAGANJ",19
"BHAVNAGAR",6
"PATHARDI",20
"SARUPATHAR",23
"HOSANAGAR",22
"NOAMUNDI",17
"DHANDHUKA",23
"BIJAPUR",28
"JHALU",27
"JOWAI",15
"SAKLESHPUR",20
"BHIWANI",10
"FALAKATA",18
"PERUMBAVOOR",26
"LATUR",4
"BILOI",1
"FATEHGARH SAHIB",17
"GANGAGHAT",19
"CALICUT",30
"SRINGERI",25
"MUL",30
"PONDICHERRY",12
"SALON",29
"MANGALDOI",25
"BIAORA",29
"NADIAD",17
"EGRA",5
"JIND",1
"NAMAKKAL",15
"BALLIA",22
"CHHINDWARA",1
"UMARIA",11
"GHAZIPUR",30
"CHAVAKKAD",17
"ANTU",17
"PAITHAN",9
"BINDKI",27
"AMODPUR",29
"CHIRALA",28
"PATNA SADAR",19
"KASARGODE",16
"SAWER",25
"GUWAHATI",12
"GOHAD",16
"VAIKOM",15
"SONAPUR",12
"KIRANDUL",2
"PATAN",19
"MORINDA",30
"GHORAMARI",15
"TAKHATPUR",9
"LONGOWAL",24
"JALALABAD",2
"SAUNDATTI",27
"BHIKHI",13
"HARIPUR",10
"NAWABGANJ",21
"ACHARAPAKKAM",25
"Sakoli",5
"RANGIA",19
"MINJUR",30
"MADHUBANI",17
"MANDYA",1
"BARODA",29
"HADGAON",30
"LAHARPUR",25
"BADLAPUR",3
"SHEGAON",20
"THOVALAI",21
"KOTTAYAM",27
"NASRA",14
"PANDARIA",10
"ALAWALPUR",1
"BODINAYAKANUR",14
"LABBAIKUDIKADU",5
"SAMATHUR",23
"DEVIDHURA",11
"TOPA",5
"BATOTE",18
"SWAIMADHOPUR",1
"GHATAL",23
"DAURALA",7
"SADRI",14
"CHANDRAPUR",29
"MAMALLAPURAM",8
"VENGURLA",13
"QUEPEM",4
"JAINTIA HILLS",12
"JAT",7
"PERUNGULAM",3
"SIVAGIRI",27
"GHOGHARDIHA",23
"ARUMUGANERI",24
"KHED",3
"NANDEJ",24
"NARAYANPUR",20
"GOA VELHA",6
"ATRAULI",6
"SINDKHED RAJA",17
"RAJAPALAYAM",2
"TIRUVALLUR",20
"BULDHANA",10
"PERAIYUR",30
"TULJAPUR",22
"KINATHUKADAVU",4
"PACHIPENTA",13
"BAGESHWAR",5
"COIMBATORE",14
"KANJIKOIL",23
"MILKIPUR",23
"ASARGANJ",25
"JHALDA",1
"BEN",20
"SRIMUSHNAM",6
"PANHALA",7
"BHUPALAPALLI",1
"LAKSHADWEEP",5
"DARLAWN",22
"CHENNAI",9
"KODAVASAL",26
"Sadar",28
"DIBAI",17
"JHANSI",7
"TELHARA",29
"GANDERBAL",24
"BILSI",22
"MANGAN",17
"DIPHU",6
"GONDIA",19
"DAINHAT",6
"CHARKHI DADRI",20
"KODURU",23
"NANPARA",22
"SAITUAL",17
"DINDORI",23
"LALGANJ",28
"JAYAMKONDACHOLAPURAM",27
"JAGATSINGHAPUR",15
"MEDINIPUR",20
"NARSINGHGARH",10
"BALLARPUR",18
"CHINNALAPATTI",26
"HARSUD",4
"NAGPUR",1
"GURDASPUR",17
"AWANTIPORA",19
"JAISALMER",30
"ARIYALUR",25
"MAJITHA",30
"KATRA",12
"SANGANER",29
"THOTTIAM",25
"ANAND",29
"DEBAGARH",17
"PHAGWARA",5
"JALPAIGURI",1
"SASTI",15
"KUSHTAGI",22
"MANALMEDU",1
"PANVEL",11
"JHANJHARPUR",30
"KHAGARIA",17
"KADUR",17
"MAHRAJGANJ",9
"BANNUR",27
"NORTH GUWAHATI",29
"HILSA",28
"DHEKIAJULI",19
"AHMEDGARH",16
"KARAD",25
"CHAMPUA",12
"MAHARAJGANJ",16
"KUPWARA",15
"PUDUKKOTTAI",12
"SANGOLE",2
"KANNUR",19
"PHUL",30
"OZAR",15
"BISHENPUR",9
"RAIWALA",24
"ARKALGUD",2
"DEVARSHOLA",27
"JAMSHEDPUR",13
"THE DANGS",10
"TIRUPATTUR",21
"VALPOI",25
"ALANGUDI",5
"BARAUT",19
"WARDHA",30
"OLAGADAM",17
"THUMBE",1
"DATIA",29
"UTTARKASHI",30
"TIHU",25
"Vinukonda",3
"CHINNASALEM",20
"CHANGANACHERRY",21
"KARAN PRAYAG",27
"PURI",14
"OTHAKALMANDAPAM",10
"BHARTHANA",1
"HARDOI",14
"SIDHI",5
"ARUMBAVUR",23
"PALGHAR",11
"PUNE",5
"BANIHAL",18
"HALDIBARI",1
"VEPPATHUR",23
"HOOGLY",7
"SAILANA",14
"GUDARI",29
"GYALSHING",8
"KHERALU",13
"SATNA",4
"BHAGUR",12
"RAMJIBANPUR",7
"BALDEO",3
"SILIGURI",27
"Dhoom",23
"SITAMARHI",24
"GOPESHWAR",3
"KULLU",24
"TAHERPUR",20
"ROHA",6
"JEWAR",6
"DHOLKA",17
"BAKHTIARPUR",2
"PATIALA",20
"KALLUR",10
"VILUPPURAM",30
"Kotma",22
"BHACHAU",4
"REWA",13
"NARSINGHPUR",5
"RAGHUNATHPUR",14
"NARNAUND",23
"REASI",23
"KARWAR",25
"DINESHPUR",1
"ETWAH",20
"JUNAGARH",6
"DEOLI",7
"ANAKAPALLE",1
"BIJNI",5
"LAKSHMESHWAR",22
"Chakdah",9
"KALLIASSERI",26
"CANNANORE (KANNUR)",28
"BACHHRAWAN",17
"MAKHU",7
"PAVAGADA",29
"BIDASAR",24
"DEKARGAON",22
"KADODARA",17
"GULBARGA",6
"NIZAMABAD",19
"PALAYAM",6
"BURDWAN",20
"AMBATTUR",23
"DEPALPUR",22
"TIRUR",17
"NANGAL",23
"SHEVGAON",28
"CHANDLA",27
"SAHEBGANJ",15
"Rourkela Steel City",20
"NIMBAHERA",10
"SILAPATHAR",18
"KORDHA",26
"LORMI",4
"TODABHIM",1
"THOTTADA",17
"KAWARDHA",19
"WARUD",30
"RAMESWARAM",25
"MARANDAHALLI",30
"AMBUR",12
"JODA",29
"TIRODI",25
"BANTWAL",29
"HARIHAR",17
"CHIKNAYAKANHALLI",5
"GIRWA",1
"DHARAMPUR",15
"ADALAJ",22
"TIRUMANGALAM",1
"SALIPUR",11
"CHURACHANDPUR",30
"DARJILING",17
"CAR NICOBAR",17
"L;ADRYMBAI",9
"VIZIANAGARAM",27
"SILAO",29
"BANGALORE SOUTH",28
"PILIBANGA",19
"SALAYA",16
"NIRJULI",25
"TALCHER",12
"BHADERWAH",16
"KHALIHAMARI",15
"OSMANABAD",12
"AMBASSA",2
"SRIVILLIPUTTUR",19
"LEH",30
"BARDHAMAN",15
"NARASINGAPURAM",9
"KHANDWA",24
"MANAPARAI",2
"DULIAJAN",27
"BANTUMILLI",13
"MARIGAON",10
"Machavaram",21
"JASHPUR",25
"RAFIGANJ",5
"ANJANGAON",19
"MANDVI",30
"DUNI",17
"TANGLA",1
"MUDDEBIHAL",29
"Kamthi",30
"SEHORE",25
"SATARA",3
"MAHOBA",20
"TRIVANDRUM",21
"SOLAN",27
"THAMMAMPATTI",14
"KHATAULI",10
"PEHOWA",1
"MUNDI",14
"DUMKA",5
"AKOLA",23
"AMETHI",11
"MASLANDAPUR",5
"SAHAJALALPUR",18
"BHILWARA",1
"KATHUA",24
"KARTHIKAPPALLY",27
"MASAURHI",22
"HOLE NARSIPUR",14
"BHARWARI",26
"INDAPUR",15
"CHAKAN",18
"BUDHGAON",12
"HARIJ",4
"TIMIRI",21
"KHAPA",7
"MOHOL",1
"MADANRITTING",18
"OKHIMATH",1
"PULGAON",22
"CHHOTI SADRI",10
"KHAIRTHAL",16
"MAHABALESHWAR",21
"BHOKARDAN",2
"KUJU",24
"SHEIKHPURA",20
"RAICHUR",3
"HUZUR",3
"PALASBARI",13
"BARDEZ",4
"KOLLEGAL",23
"JALGAON",5
"DAVANAGERE",20
"RATLAM",27
"UKHRUL",14
"FARIDPUR",2
"UTRAULA",10
"JASIDIH",25
"TIRORA",3
"BHAMANI MANDAL",19
"Armapur",2
"TERDAL",7
"KALAVAI",6
"TARIKERE",5
"MALLASAMUDRAM",7
"PALAMPUR",16
"KALLAKURICHI",22
"KAPURTHALA",19
"NANDED",7
"KARIMGANJ",12
"KHERI",24
"Sittaganj",17
"GANDEVI",18
"NEEMUCH",23
"HALDIA",5
"SEONI",10
"BAGAHA",24
"GANGAWATI",3
"AIZAWL",15
"RAJPIPLA",10
"ROING",2
"SAHARANPUR",16
"MUSAFIRKHANA",9
"SIJUA",7
"JAGATDAL",22
"SARAI MIR",1
"KICHHA",9
"SANKARAPURAM",22
"SURANDAI",20
"SANGLI",11
"BILGRAM",14
"MUKKUDAL",15
"MAHOLI",28
"NAGROTA BAGWAN",23
"VETTAIKARANPUDUR",27
"MUNDRA",28
"PALAKKAD",5
"BERHAMPUR",25
"MEKLIGANJ",19
"BAGRU",16
"MAHARAJPUR",16
"BHATINDA",29
"URAN",4
"DHARAMASALA",29
"BAIKUNTHPUR",13
"BANKURA",11
"KATNI",19
"SANCHI",5
"LUDHIANA",29
"GORAKHPUR",16
"MULANUR",28
"KANGAYAMPALAYAM",1
"VALLAM",27
"LUNGLEH",4
"RANBIRSINGHPORA",10
"MADANPUR",25
"GAURIBIDANUR",5
"MIHIJAM",2
"GANGOH",5
"VADAKARA",8
"HATHIN",11
"DOHAD",28
"KHANPUR",1
"MEGHNAGAR",29
"MALIKIPURAM",10
"OMALUR",24
"SONEPAT",3
"PANCHLA",5
"KESHORAIPATAN",10
"TANDA",18
"VADGAON",11
"JAKHNIDHAR",7
"MANIPAL",2
"TEKARI",9
"JABALPUR",3
"HALDWANI",20
"AJRA",26
"RAJUR",29
"KANNAUJ",29
"ANKLESHWAR",15
"FARIDKOT",21
"THIRUMAYAM",30
"BARWALA",1
"BAHRAICH",25
"BHADRAK",2
"PARLAKHEMUNDI",23
"DHANKAUDA",12
"MEGAHATUBURU",28
"KUCHERA",9
"MALPE",9
"UJHARI",5
"PRATAPNAGAR",29
"SURIYAWAN",13
"SINDRI",24
"CHIKHLI",27
"LAUNDI",22
"SHERKOT",14
"RAIBAREILLY",26
"RURA",15
"UDAIPUR",18
"TIPTUR",12
"Bhainsdehi",4
"KOLATHUPALAYAM",21
"DIDIHAT",7
"MOHAMMADI",1
"MAGAM",18
"MAGHAR",1
"KHAMMAM",22
"LAKHANPUR",10
"BARPATHAR",16
"BOMMANAHAL",21
"HAJIPUR",2
"ANUPGARH",24
"BHARATPUR",20
"TARANAGAR",3
"MOGA",3
"DURGAPUR",13
"JHUMPURA",4
"BILARI",23
"KENDUJHAR",5
"SHERGARH",20
"AHMEDABAD",27
"DIGRAS",14
"BAHADURGANJ",2
"POOLAMBADI",10
"THAKURDWARA",25
"AFZALPUR",3
"KASHIPUR",19
"SARAPAKA",2
"TEKANPUR",7
"MANGALAM",6
"DOIWALA",5
"AMBAJI",7
"MADURAI",16
"GHATSHILA",22
"Paraisa",19
"MANSA",7
"RADHAKUND",12
